id,date,total,seb,swed,swed_etf,swed_pen,luminor,art,cash,rev_m,rev_r,rbtc,mbtc,btc_price,rev_stocks,created_at,updated_at
33,2026-03-09,39996.4661,308.86,6127.72,922.26,5000.0,6000.0,3425.6,13890.0,0.0,976.0,0.017,0.0091,,3346.0,"2026-03-09 09:54:39.700964+02:00","2026-03-09 11:04:36.764469+02:00"
31,2026-03-06,36562.48,208.86,1478.0,910.64,5000.0,6000.0,3425.6,13890.0,0.24,976.0,1000.0,555.0,,3327.0,"2026-03-07 13:02:21.376708+02:00","2026-03-07 13:02:21.376708+02:00"
30,2026-03-02,36444.84,210.86,1632.0,903.0,5000.0,6000.0,3425.6,13890.0,0.24,976.0,993.0,517.0,,3108.0,"2026-03-07 13:02:21.375118+02:00","2026-03-07 13:02:21.375118+02:00"
29,2026-02-26,36955.05,210.86,1821.47,902.88,5000.0,6000.0,3425.6,13890.0,0.24,1000.0,1017.0,532.0,,3155.0,"2026-03-07 13:02:21.373416+02:00","2026-03-07 13:02:21.373416+02:00"
28,2026-02-23,36874.68,210.86,1919.51,903.0,5000.0,6000.0,3414.4,13890.0,0.24,1000.0,966.0,503.87,,3066.8,"2026-03-07 13:02:21.371895+02:00","2026-03-07 13:02:21.371895+02:00"
27,2026-02-21,37186.82,210.86,3329.49,900.07,5000.0,6000.0,3414.4,13890.0,2442.0,2000.0,0.0,0.0,,0.0,"2026-03-07 13:02:21.370553+02:00","2026-03-07 13:02:21.370553+02:00"
26,2026-02-16,37239.89,1745.86,3384.0,880.23,5000.0,6000.0,3380.8,15890.0,959.0,0.0,0.0,0.0,,0.0,"2026-03-07 13:02:21.36926+02:00","2026-03-07 13:02:21.36926+02:00"
25,2026-02-14,38800.53,1745.86,4944.64,880.23,5000.0,6000.0,3380.8,15890.0,959.0,0.0,0.0,0.0,,0.0,"2026-03-07 13:02:21.367942+02:00","2026-03-07 13:02:21.367942+02:00"
24,2026-02-11,38705.24,1742.12,5039.15,889.57,5000.0,6000.0,3222.4,15890.0,922.0,0.0,0.0,0.0,,0.0,"2026-03-07 13:02:21.36662+02:00","2026-03-07 13:02:21.36662+02:00"
23,2026-02-07,34192.19,1742.12,547.75,844.87,5000.0,6000.0,3220.8,15890.0,946.65,0.0,0.0,0.0,,0.0,"2026-03-07 13:02:21.365272+02:00","2026-03-07 13:02:21.365272+02:00"
22,2026-02-04,34672.77,1742.12,940.4,892.45,5000.0,6000.0,3220.8,15890.0,987.0,0.0,0.0,0.0,,0.0,"2026-03-07 13:02:21.363833+02:00","2026-03-07 13:02:21.363833+02:00"
21,2026-01-30,34649.97,1924.97,970.0,748.0,5000.0,6000.0,3200.0,15790.0,1017.0,0.0,0.0,0.0,,0.0,"2026-03-07 13:02:21.362444+02:00","2026-03-07 13:02:21.362444+02:00"
20,2026-01-24,34492.0,4340.0,1900.0,720.0,5000.0,6000.0,2542.0,12990.0,1000.0,0.0,0.0,0.0,,0.0,"2026-03-07 13:02:21.361026+02:00","2026-03-07 13:02:21.361026+02:00"
19,2026-01-16,35069.0,4516.0,2400.0,720.0,5000.0,6000.0,2543.0,12890.0,1000.0,0.0,0.0,0.0,,0.0,"2026-03-07 13:02:21.359716+02:00","2026-03-07 13:02:21.359716+02:00"
18,2026-01-11,36984.0,4516.0,4300.0,735.0,5000.0,6000.0,2543.0,12890.0,1000.0,0.0,0.0,0.0,,0.0,"2026-03-07 13:02:21.358418+02:00","2026-03-07 13:02:21.358418+02:00"
17,2026-01-09,37542.2,4854.0,4760.0,735.2,5000.0,6000.0,2543.0,12650.0,1000.0,0.0,0.0,0.0,,0.0,"2026-03-07 13:02:21.357158+02:00","2026-03-07 13:02:21.357158+02:00"
16,2026-01-03,27166.0,5000.0,190.0,883.0,5000.0,0.0,2543.0,12550.0,1000.0,0.0,0.0,0.0,,0.0,"2026-03-07 13:02:21.355738+02:00","2026-03-07 13:02:21.355738+02:00"
15,2025-12-29,27246.0,5000.0,270.0,883.0,5000.0,0.0,2543.0,12550.0,1000.0,0.0,0.0,0.0,,0.0,"2026-03-07 13:02:21.354337+02:00","2026-03-07 13:02:21.354337+02:00"
14,2025-12-28,27326.0,7080.0,270.0,883.0,5000.0,0.0,2543.0,10550.0,1000.0,0.0,0.0,0.0,,0.0,"2026-03-07 13:02:21.352991+02:00","2026-03-07 13:02:21.352991+02:00"
13,2025-12-25,27381.0,7200.0,305.0,883.0,5000.0,0.0,2543.0,10450.0,1000.0,0.0,0.0,0.0,,0.0,"2026-03-07 13:02:21.351684+02:00","2026-03-07 13:02:21.351684+02:00"
12,2025-12-20,27456.0,7080.0,500.0,883.0,5000.0,0.0,2543.0,10450.0,1000.0,0.0,0.0,0.0,,0.0,"2026-03-07 13:02:21.350276+02:00","2026-03-07 13:02:21.350276+02:00"
11,2025-12-18,27381.88,7250.0,355.0,883.0,5000.0,0.0,2543.88,10350.0,1000.0,0.0,0.0,0.0,,0.0,"2026-03-07 13:02:21.348932+02:00","2026-03-07 13:02:21.348932+02:00"
10,2025-12-15,27570.88,7582.0,312.0,883.0,5000.0,0.0,2543.88,10250.0,1000.0,0.0,0.0,0.0,,0.0,"2026-03-07 13:02:21.347421+02:00","2026-03-07 13:02:21.347421+02:00"
9,2025-12-13,28529.85,7900.0,300.0,900.0,5000.0,0.0,3179.85,10250.0,1000.0,0.0,0.0,0.0,,0.0,"2026-03-07 13:02:21.345748+02:00","2026-03-07 13:02:21.345748+02:00"
8,2025-12-12,34529.85,13900.0,300.0,900.0,5000.0,0.0,3179.85,10250.0,1000.0,0.0,0.0,0.0,,0.0,"2026-03-07 13:02:21.34436+02:00","2026-03-07 13:02:21.34436+02:00"
7,2025-12-11,33829.85,14000.0,300.0,900.0,5000.0,0.0,3179.85,10150.0,300.0,0.0,0.0,0.0,,0.0,"2026-03-07 13:02:21.343037+02:00","2026-03-07 13:02:21.343037+02:00"
6,2025-12-08,37449.0,14550.0,2957.0,900.0,5000.0,0.0,2992.0,10050.0,1000.0,0.0,0.0,0.0,,0.0,"2026-03-07 13:02:21.341691+02:00","2026-03-07 13:02:21.341691+02:00"
5,2025-12-07,40992.0,14550.0,6500.0,900.0,5000.0,0.0,2992.0,10050.0,1000.0,0.0,0.0,0.0,,0.0,"2026-03-07 13:02:21.3404+02:00","2026-03-07 13:02:21.3404+02:00"
4,2025-12-05,41459.23,14717.23,7800.0,800.0,5000.0,0.0,2992.0,9150.0,1000.0,0.0,0.0,0.0,,0.0,"2026-03-07 13:02:21.338982+02:00","2026-03-07 13:02:21.338982+02:00"
3,2025-12-03,40859.23,14717.23,8000.0,400.0,5000.0,0.0,2992.0,9750.0,0.0,0.0,0.0,0.0,,0.0,"2026-03-07 13:02:21.337454+02:00","2026-03-07 13:02:21.337454+02:00"
2,2025-12-02,35363.23,14717.23,4000.0,400.0,5000.0,0.0,1496.0,9750.0,0.0,0.0,0.0,0.0,,0.0,"2026-03-07 13:02:21.335845+02:00","2026-03-07 13:02:21.335845+02:00"
1,2025-12-01,41259.23,14717.23,8000.0,800.0,5000.0,0.0,2992.0,7750.0,2000.0,0.0,0.0,0.0,,0.0,"2026-03-07 13:02:21.333565+02:00","2026-03-07 13:02:21.333565+02:00"
