id,date,type,amount,category,comment,created_at,updated_at
143,2026-03-09,expense,88.56,"House expense","VRSA šiuklės","2026-03-09 08:49:15.50985+02:00","2026-03-09 08:49:15.50985+02:00"
148,2026-03-09,income,5082.0,Salary,PVcase,"2026-03-09 10:49:41.138953+02:00","2026-03-09 10:49:41.138953+02:00"
144,2026-03-08,expense,32.02,Food,"Skonio receptai (Date)","2026-03-09 08:49:50.626234+02:00","2026-03-09 08:49:50.626234+02:00"
145,2026-03-08,expense,18.0,Entertainment,"Flowers ","2026-03-09 08:50:25.329587+02:00","2026-03-09 08:50:25.329587+02:00"
146,2026-03-08,expense,9.35,"House expense",Water,"2026-03-09 08:51:09.849249+02:00","2026-03-09 08:51:09.849249+02:00"
141,2026-03-07,expense,128.14,"House expense",Gas,"2026-03-07 13:06:23.872302+02:00","2026-03-07 13:06:23.872302+02:00"
142,2026-03-07,expense,4.71,"House expense","Gas appartment ","2026-03-07 13:06:47.585744+02:00","2026-03-07 13:06:47.585744+02:00"
147,2026-03-07,expense,40.02,Car,Neste,"2026-03-09 08:51:42.385825+02:00","2026-03-09 08:51:42.385825+02:00"
140,2026-03-06,expense,9.99,Entertainment,Youtube,"2026-03-07 13:05:42.119169+02:00","2026-03-07 13:05:42.119169+02:00"
136,2026-03-05,expense,5.9,Food,"Artistai PietÅ«s su kolega","2026-03-07 13:02:21.607287+02:00","2026-03-07 13:02:21.607287+02:00"
137,2026-03-05,expense,14.0,Food,"Backstage (bandeles)","2026-03-07 13:02:21.608966+02:00","2026-03-07 13:02:21.608966+02:00"
138,2026-03-05,expense,94.01,Food,"Bolt food - atviros metalo dirbtuves(food)","2026-03-07 13:02:21.610785+02:00","2026-03-07 13:02:21.610785+02:00"
139,2026-03-05,expense,14.0,Entertainment,Baras,"2026-03-07 13:02:21.612617+02:00","2026-03-07 13:02:21.612617+02:00"
134,2026-03-04,expense,1.0,Finance,"Banko mokestis (Swedbank)","2026-03-07 13:02:21.60341+02:00","2026-03-07 13:02:21.60341+02:00"
135,2026-03-04,expense,2.0,Finance,"Banko mokestis (SEB)","2026-03-07 13:02:21.605432+02:00","2026-03-07 13:02:21.605432+02:00"
133,2026-03-03,expense,25.0,Health,Kipykla,"2026-03-07 13:02:21.601666+02:00","2026-03-07 13:02:21.601666+02:00"
132,2026-03-01,expense,14.8,"Kids (Entertainment)","Brukne Kavine (kids)","2026-03-07 13:02:21.599964+02:00","2026-03-07 13:02:21.599964+02:00"
130,2026-02-28,expense,5.27,Entertainment,Patreon,"2026-03-07 13:02:21.596504+02:00","2026-03-07 13:02:21.596504+02:00"
131,2026-02-28,expense,21.0,"Kids (Entertainment)","Moletu baseinas","2026-03-07 13:02:21.598209+02:00","2026-03-07 13:02:21.598209+02:00"
129,2026-02-27,expense,34.29,"House expense","Siuskles (butas)","2026-03-07 13:02:21.594924+02:00","2026-03-07 13:02:21.594924+02:00"
127,2026-02-26,investment,1.11,Investment,"Mini investicijos","2026-03-07 13:02:21.591716+02:00","2026-03-07 13:02:21.591716+02:00"
128,2026-02-26,expense,105.55,Food,"LidL (food)","2026-03-07 13:02:21.593281+02:00","2026-03-07 13:02:21.593281+02:00"
124,2026-02-25,expense,6.0,Entertainment,"Alaus studija","2026-03-07 13:02:21.586511+02:00","2026-03-07 13:02:21.586511+02:00"
125,2026-02-25,expense,6.0,Entertainment,"Alaus studija","2026-03-07 13:02:21.588312+02:00","2026-03-07 13:02:21.588312+02:00"
126,2026-02-25,expense,6.0,Entertainment,"Alaus studija","2026-03-07 13:02:21.590119+02:00","2026-03-07 13:02:21.590119+02:00"
121,2026-02-23,expense,280.0,Health,"5 Emosesijos (health)","2026-03-07 13:02:21.581271+02:00","2026-03-07 13:02:21.581271+02:00"
122,2026-02-23,expense,304.0,Divorce,Nekartu,"2026-03-07 13:02:21.58307+02:00","2026-03-07 13:02:21.58307+02:00"
123,2026-02-23,income,227.0,Divorce,"Nekartu - Evelina","2026-03-07 13:02:21.584868+02:00","2026-03-07 13:02:21.584868+02:00"
119,2026-02-22,expense,78.49,Food,"LidL (food)","2026-03-07 13:02:21.577918+02:00","2026-03-07 13:02:21.577918+02:00"
120,2026-02-22,investment,1000.0,Investment,"Revolut (investment)","2026-03-07 13:02:21.579589+02:00","2026-03-07 13:02:21.579589+02:00"
116,2026-02-21,expense,12.4,Entertainment,Baras,"2026-03-07 13:02:21.572596+02:00","2026-03-07 13:02:21.572596+02:00"
117,2026-02-21,expense,20.0,Entertainment,"Pabo latino","2026-03-07 13:02:21.574423+02:00","2026-03-07 13:02:21.574423+02:00"
118,2026-02-21,expense,18.0,Entertainment,"Pabo latino","2026-03-07 13:02:21.576307+02:00","2026-03-07 13:02:21.576307+02:00"
115,2026-02-19,expense,0.93,Investment,"Mini investicijos","2026-03-07 13:02:21.570948+02:00","2026-03-07 13:02:21.570948+02:00"
113,2026-02-17,expense,5.35,"House expense",Pigu.lt,"2026-03-07 13:02:21.567781+02:00","2026-03-07 13:02:21.567781+02:00"
114,2026-02-17,investment,50.0,Investment,"Binance (BTC)","2026-03-07 13:02:21.569405+02:00","2026-03-07 13:02:21.569405+02:00"
111,2026-02-16,expense,70.2,"Kids school","Jurginelis (kids school)","2026-03-07 13:02:21.564317+02:00","2026-03-07 13:02:21.564317+02:00"
112,2026-02-16,expense,41.08,"Kids school","Jurginelis (kids school)","2026-03-07 13:02:21.566017+02:00","2026-03-07 13:02:21.566017+02:00"
107,2026-02-15,expense,34.52,"House expense","Mano bustas (butas)","2026-03-07 13:02:21.557821+02:00","2026-03-07 13:02:21.557821+02:00"
108,2026-02-15,expense,1284.0,Credit,"House payment","2026-03-07 13:02:21.559507+02:00","2026-03-07 13:02:21.559507+02:00"
109,2026-02-15,expense,40.64,Health,"Eurovaistine (health)","2026-03-07 13:02:21.561119+02:00","2026-03-07 13:02:21.561119+02:00"
110,2026-02-15,expense,52.63,Food,"LidL (food)","2026-03-07 13:02:21.562686+02:00","2026-03-07 13:02:21.562686+02:00"
105,2026-02-14,expense,32.0,"Kids (Entertainment)","360arena (Kids entertaiment)","2026-03-07 13:02:21.554351+02:00","2026-03-07 13:02:21.554351+02:00"
106,2026-02-14,expense,3.8,Kids(food),"360arena (Kids Food)","2026-03-07 13:02:21.556125+02:00","2026-03-07 13:02:21.556125+02:00"
101,2026-02-12,expense,38.39,"House expense","Electricity (apartment)","2026-03-07 13:02:21.547738+02:00","2026-03-07 13:02:21.547738+02:00"
102,2026-02-12,expense,54.12,"House expense","Electricity (house)","2026-03-07 13:02:21.549518+02:00","2026-03-07 13:02:21.549518+02:00"
103,2026-02-12,investment,0.99,Investment,"Mini investicijos","2026-03-07 13:02:21.551141+02:00","2026-03-07 13:02:21.551141+02:00"
104,2026-02-12,expense,2.0,Car,"Public transport","2026-03-07 13:02:21.55275+02:00","2026-03-07 13:02:21.55275+02:00"
99,2026-02-11,expense,24.0,Health,"GymPlius (health)","2026-03-07 13:02:21.544295+02:00","2026-03-07 13:02:21.544295+02:00"
100,2026-02-11,expense,161.96,"House expense","Miesto gijos (heating)","2026-03-07 13:02:21.546032+02:00","2026-03-07 13:02:21.546032+02:00"
95,2026-02-10,investment,200.0,Investment,"Artea pensija","2026-03-07 13:02:21.537812+02:00","2026-03-07 13:02:21.537812+02:00"
96,2026-02-10,expense,13.98,"House expense","Telia phone","2026-03-07 13:02:21.539496+02:00","2026-03-07 13:02:21.539496+02:00"
97,2026-02-10,expense,32.66,"House expense","Telia internet","2026-03-07 13:02:21.541145+02:00","2026-03-07 13:02:21.541145+02:00"
98,2026-02-10,income,5082.0,Income,Alga,"2026-03-07 13:02:21.542713+02:00","2026-03-07 13:02:21.542713+02:00"
93,2026-02-09,expense,13.35,Health,Eurovaistine,"2026-03-07 13:02:21.534323+02:00","2026-03-07 13:02:21.534323+02:00"
94,2026-02-09,expense,136.67,Food,"Maxima food","2026-03-07 13:02:21.53605+02:00","2026-03-07 13:02:21.53605+02:00"
92,2026-02-08,expense,7.0,"House expense","Vilniaus vandenys (butas)","2026-03-07 13:02:21.532436+02:00","2026-03-07 13:02:21.532436+02:00"
91,2026-02-07,expense,176.89,"House expense","Ignitis (gas) (hause)","2026-03-07 13:02:21.530633+02:00","2026-03-07 13:02:21.530633+02:00"
86,2026-02-06,expense,9.99,Entertainment,Youtube,"2026-03-07 13:02:21.521462+02:00","2026-03-07 13:02:21.521462+02:00"
87,2026-02-06,expense,150.0,Divorce,Nekartu,"2026-03-07 13:02:21.523231+02:00","2026-03-07 13:02:21.523231+02:00"
88,2026-02-06,expense,6.2,Divorce,"Registru centras","2026-03-07 13:02:21.525407+02:00","2026-03-07 13:02:21.525407+02:00"
89,2026-02-06,expense,6.2,Divorce,"Registru centras","2026-03-07 13:02:21.52724+02:00","2026-03-07 13:02:21.52724+02:00"
90,2026-02-06,expense,2.38,Divorce,"Registru centras","2026-03-07 13:02:21.528909+02:00","2026-03-07 13:02:21.528909+02:00"
85,2026-02-05,investment,2.1,Investment,"Swedbank (finance)","2026-03-07 13:02:21.519874+02:00","2026-03-07 13:02:21.519874+02:00"
78,2026-02-04,expense,1.0,Finance,"Swedbank (finance)","2026-03-07 13:02:21.507812+02:00","2026-03-07 13:02:21.507812+02:00"
79,2026-02-04,expense,3.02,Entertainment,Books,"2026-03-07 13:02:21.509972+02:00","2026-03-07 13:02:21.509972+02:00"
80,2026-02-04,expense,1.2,Kids(food),"Kids (food)","2026-03-07 13:02:21.511545+02:00","2026-03-07 13:02:21.511545+02:00"
81,2026-02-04,expense,13.3,Kids(food),"kids (food)","2026-03-07 13:02:21.513161+02:00","2026-03-07 13:02:21.513161+02:00"
82,2026-02-04,expense,20.0,"Kids (Entertainment)","Sky park","2026-03-07 13:02:21.514737+02:00","2026-03-07 13:02:21.514737+02:00"
83,2026-02-04,expense,1.5,Kids(food),"kids (food)","2026-03-07 13:02:21.516541+02:00","2026-03-07 13:02:21.516541+02:00"
84,2026-02-04,expense,1.9,Kids(food),"kids (food)","2026-03-07 13:02:21.518254+02:00","2026-03-07 13:02:21.518254+02:00"
76,2026-02-03,expense,80.85,Food,"Maxima (food)","2026-03-07 13:02:21.504558+02:00","2026-03-07 13:02:21.504558+02:00"
77,2026-02-03,investment,100.0,Finance,Cash,"2026-03-07 13:02:21.506103+02:00","2026-03-07 13:02:21.506103+02:00"
75,2026-02-01,expense,2.0,Finance,"Seb (finance)","2026-03-07 13:02:21.50314+02:00","2026-03-07 13:02:21.50314+02:00"
74,2026-01-31,expense,30.0,Health,"UpTown Barber (Hearcut)","2026-03-07 13:02:21.501686+02:00","2026-03-07 13:02:21.501686+02:00"
73,2026-01-29,expense,424.78,"House expense","BigBox: Fridge","2026-03-07 13:02:21.500147+02:00","2026-03-07 13:02:21.500147+02:00"
70,2026-01-28,expense,5.24,Entertainment,"Patreon (Entertainment)","2026-03-07 13:02:21.495357+02:00","2026-03-07 13:02:21.495357+02:00"
71,2026-01-28,expense,9.7,Food,"Delano (Food)","2026-03-07 13:02:21.497016+02:00","2026-03-07 13:02:21.497016+02:00"
72,2026-01-28,investment,2.45,Investment,"Mini investicijos","2026-03-07 13:02:21.498577+02:00","2026-03-07 13:02:21.498577+02:00"
66,2026-01-25,expense,17.88,"House expense","Argus (security)","2026-03-07 13:02:21.48868+02:00","2026-03-07 13:02:21.48868+02:00"
67,2026-01-25,expense,48.76,Food,"LIDL (food)","2026-03-07 13:02:21.490275+02:00","2026-03-07 13:02:21.490275+02:00"
68,2026-01-25,expense,27.48,Car,"Neste (car)","2026-03-07 13:02:21.491951+02:00","2026-03-07 13:02:21.491951+02:00"
69,2026-01-25,expense,61.34,Health,"Eurovaistine (health)","2026-03-07 13:02:21.493698+02:00","2026-03-07 13:02:21.493698+02:00"
65,2026-01-23,expense,7.5,Food,"Wraperija (food)","2026-03-07 13:02:21.487112+02:00","2026-03-07 13:02:21.487112+02:00"
63,2026-01-22,expense,19.32,Food,"Kaunas (food)","2026-03-07 13:02:21.48373+02:00","2026-03-07 13:02:21.48373+02:00"
64,2026-01-22,investment,2.28,Investment,"swed ETF (investment)","2026-03-07 13:02:21.485418+02:00","2026-03-07 13:02:21.485418+02:00"
60,2026-01-21,expense,79.94,Food,"Maxima (food)","2026-03-07 13:02:21.478348+02:00","2026-03-07 13:02:21.478348+02:00"
61,2026-01-21,investment,100.0,Finance,Cash,"2026-03-07 13:02:21.480004+02:00","2026-03-07 13:02:21.480004+02:00"
62,2026-01-21,expense,189.85,Clothes,Clothes,"2026-03-07 13:02:21.481816+02:00","2026-03-07 13:02:21.481816+02:00"
58,2026-01-20,expense,19.32,Food,"Kaunas Taluti (food)","2026-03-07 13:02:21.474722+02:00","2026-03-07 13:02:21.474722+02:00"
59,2026-01-20,expense,15.0,Finance,"VMI (Finance)","2026-03-07 13:02:21.476711+02:00","2026-03-07 13:02:21.476711+02:00"
57,2026-01-19,expense,120.0,"Kids school","Skaitymo karoliukai (kids school)","2026-03-07 13:02:21.472791+02:00","2026-03-07 13:02:21.472791+02:00"
52,2026-01-18,expense,32.8,"Kids school","Jurginelis (kids school)","2026-03-07 13:02:21.464228+02:00","2026-03-07 13:02:21.464228+02:00"
53,2026-01-18,expense,46.4,"Kids school","Jurginelis (kids school)","2026-03-07 13:02:21.466098+02:00","2026-03-07 13:02:21.466098+02:00"
54,2026-01-18,expense,35.28,"Kids school","Jurginelis (kids school)","2026-03-07 13:02:21.467777+02:00","2026-03-07 13:02:21.467777+02:00"
55,2026-01-18,expense,4.99,Health,"Pleistrai (health)","2026-03-07 13:02:21.469425+02:00","2026-03-07 13:02:21.469425+02:00"
56,2026-01-18,expense,31.14,Car,"Neste (car)","2026-03-07 13:02:21.471042+02:00","2026-03-07 13:02:21.471042+02:00"
50,2026-01-17,expense,33.62,"House expense","Mano bustas (butas)","2026-03-07 13:02:21.460905+02:00","2026-03-07 13:02:21.460905+02:00"
51,2026-01-17,expense,33.62,Food,"Skoniu receptai (food)","2026-03-07 13:02:21.462556+02:00","2026-03-07 13:02:21.462556+02:00"
45,2026-01-16,expense,8.0,Food,"Å nekutis lunch","2026-03-07 13:02:21.452615+02:00","2026-03-07 13:02:21.452615+02:00"
46,2026-01-16,expense,11.0,Kids(food),"Craft pizza Dinner (kids)","2026-03-07 13:02:21.454256+02:00","2026-03-07 13:02:21.454256+02:00"
47,2026-01-16,expense,18.0,Kids,"SkyPark (kids)","2026-03-07 13:02:21.455975+02:00","2026-03-07 13:02:21.455975+02:00"
48,2026-01-16,expense,1.2,Kids,"Skypark juice (kids)","2026-03-07 13:02:21.457695+02:00","2026-03-07 13:02:21.457695+02:00"
49,2026-01-16,expense,134.0,Health,"Sapiegos Klinika (health)","2026-03-07 13:02:21.459258+02:00","2026-03-07 13:02:21.459258+02:00"
40,2026-01-15,investment,1.96,Investment,"Mini investicijos","2026-03-07 13:02:21.444296+02:00","2026-03-07 13:02:21.444296+02:00"
41,2026-01-15,expense,9.5,Food,"MeatBusters (dinner)","2026-03-07 13:02:21.445823+02:00","2026-03-07 13:02:21.445823+02:00"
42,2026-01-15,expense,1284.0,Credit,"House payment","2026-03-07 13:02:21.447605+02:00","2026-03-07 13:02:21.447605+02:00"
43,2026-01-15,expense,12.0,Car,"Baltic petrol (car wash)","2026-03-07 13:02:21.449361+02:00","2026-03-07 13:02:21.449361+02:00"
44,2026-01-15,expense,6.4,Food,"Arbata + gira (Gentys)","2026-03-07 13:02:21.451033+02:00","2026-03-07 13:02:21.451033+02:00"
39,2026-01-13,expense,17.0,Health,"Äjimas sausio 18 d. (health)","2026-03-07 13:02:21.442748+02:00","2026-03-07 13:02:21.442748+02:00"
37,2026-01-12,expense,33.95,Kids,"Senukai (rogutÄs) (kids)","2026-03-07 13:02:21.439264+02:00","2026-03-07 13:02:21.439264+02:00"
38,2026-01-12,expense,280.0,Health,"5 Emosesijos (health)","2026-03-07 13:02:21.441114+02:00","2026-03-07 13:02:21.441114+02:00"
31,2026-01-11,expense,88.4,"House expense","Miesto gijos (heating)","2026-03-07 13:02:21.428851+02:00","2026-03-07 13:02:21.428851+02:00"
32,2026-01-11,expense,43.23,"House expense","Electricity (house)","2026-03-07 13:02:21.430556+02:00","2026-03-07 13:02:21.430556+02:00"
33,2026-01-11,expense,33.12,"House expense","Electricity (appartment)","2026-03-07 13:02:21.432429+02:00","2026-03-07 13:02:21.432429+02:00"
34,2026-01-11,expense,22.9,Health,"GymPlius (health)","2026-03-07 13:02:21.434297+02:00","2026-03-07 13:02:21.434297+02:00"
35,2026-01-11,investment,100.0,Finance,Cash,"2026-03-07 13:02:21.435915+02:00","2026-03-07 13:02:21.435915+02:00"
36,2026-01-11,expense,43.2,Food,"Maxima (food)","2026-03-07 13:02:21.437575+02:00","2026-03-07 13:02:21.437575+02:00"
27,2026-01-10,expense,37.7,"House expense","Telia Internetas (house)|(appartment)","2026-03-07 13:02:21.421396+02:00","2026-03-07 13:02:21.421396+02:00"
28,2026-01-10,expense,7.54,"House expense","Vilniaus vandenys (butas)","2026-03-07 13:02:21.42318+02:00","2026-03-07 13:02:21.42318+02:00"
29,2026-01-10,expense,15.13,"House expense","Telia Telefonas","2026-03-07 13:02:21.425238+02:00","2026-03-07 13:02:21.425238+02:00"
30,2026-01-10,investment,200.0,Investment,"Artea pensija","2026-03-07 13:02:21.427095+02:00","2026-03-07 13:02:21.427095+02:00"
20,2026-01-09,expense,115.77,"House expense","Ignitis (gas) (hause)","2026-03-07 13:02:21.409796+02:00","2026-03-07 13:02:21.409796+02:00"
21,2026-01-09,expense,15.99,Kids,"Open24 Gloves (Kids)","2026-03-07 13:02:21.41141+02:00","2026-03-07 13:02:21.41141+02:00"
22,2026-01-09,expense,30.0,Kids,"Adventika (Kids)","2026-03-07 13:02:21.41298+02:00","2026-03-07 13:02:21.41298+02:00"
23,2026-01-09,expense,59.0,Health,"Å¡ypsenos akademija (burnos higiena)","2026-03-07 13:02:21.414738+02:00","2026-03-07 13:02:21.414738+02:00"
24,2026-01-09,expense,30.5,Kids(food),"Cancan (VakarienÄ) (kids)","2026-03-07 13:02:21.416477+02:00","2026-03-07 13:02:21.416477+02:00"
25,2026-01-09,investment,100.0,Finance,Cash,"2026-03-07 13:02:21.418119+02:00","2026-03-07 13:02:21.418119+02:00"
26,2026-01-09,expense,81.06,Food,"Maxima (food)","2026-03-07 13:02:21.419689+02:00","2026-03-07 13:02:21.419689+02:00"
16,2026-01-08,investment,2.12,Investment,"Mini investicijos","2026-03-07 13:02:21.403125+02:00","2026-03-07 13:02:21.403125+02:00"
17,2026-01-08,expense,9.99,Entertainment,Youtube,"2026-03-07 13:02:21.404753+02:00","2026-03-07 13:02:21.404753+02:00"
18,2026-01-08,expense,45.0,Health,"Psichoterapija (sveikata)","2026-03-07 13:02:21.406585+02:00","2026-03-07 13:02:21.406585+02:00"
19,2026-01-08,expense,34.81,Health,"Mindfulness (4weeks)","2026-03-07 13:02:21.408219+02:00","2026-03-07 13:02:21.408219+02:00"
10,2026-01-07,expense,15.1,Kids(food),"Vakarienie 360arena (kids)","2026-03-07 13:02:21.393069+02:00","2026-03-07 13:02:21.393069+02:00"
11,2026-01-07,expense,8.0,Kids(food),McDonalds(kids),"2026-03-07 13:02:21.394749+02:00","2026-03-07 13:02:21.394749+02:00"
12,2026-01-07,expense,4.5,Kids(food),"Å erbetas  360arena (kids)","2026-03-07 13:02:21.396359+02:00","2026-03-07 13:02:21.396359+02:00"
13,2026-01-07,expense,32.0,Kids,"360arena (kids)","2026-03-07 13:02:21.398135+02:00","2026-03-07 13:02:21.398135+02:00"
14,2026-01-07,expense,11.8,Food,"Artistai PietÅ«s su kolega","2026-03-07 13:02:21.399919+02:00","2026-03-07 13:02:21.399919+02:00"
15,2026-01-07,expense,41.7,Kids,"Lumina Park (Fail) (kids)","2026-03-07 13:02:21.401567+02:00","2026-03-07 13:02:21.401567+02:00"
9,2026-01-06,income,5062.92,Income,Alga,"2026-03-07 13:02:21.391159+02:00","2026-03-07 13:02:21.391159+02:00"
6,2026-01-04,expense,1.0,Finance,"Banko mokestis","2026-03-07 13:02:21.385903+02:00","2026-03-07 13:02:21.385903+02:00"
7,2026-01-04,investment,100.0,Finance,Cash,"2026-03-07 13:02:21.387548+02:00","2026-03-07 13:02:21.387548+02:00"
8,2026-01-04,expense,88.91,Food,"Maxima (food)","2026-03-07 13:02:21.389318+02:00","2026-03-07 13:02:21.389318+02:00"
4,2026-01-03,expense,6.55,Food,McDonalds,"2026-03-07 13:02:21.382645+02:00","2026-03-07 13:02:21.382645+02:00"
5,2026-01-03,expense,7.0,Health,"Å½ygis","2026-03-07 13:02:21.384235+02:00","2026-03-07 13:02:21.384235+02:00"
3,2026-01-02,expense,20.0,Kids,"Playstation (kids)","2026-03-07 13:02:21.381106+02:00","2026-03-07 13:02:21.381106+02:00"
1,2026-01-01,investment,4.28,Investment,"Mini investicijos","2026-03-07 13:02:21.37821+02:00","2026-03-07 13:02:21.37821+02:00"
2,2026-01-01,expense,24.9,Food,9Drakonai,"2026-03-07 13:02:21.379656+02:00","2026-03-07 13:02:21.379656+02:00"
